slug,action,photo_shows,note
abrau-dyurso-az-abrau-bayanshira-beloe-suhoe-12,drop_main,abrau-dyurso-az-abrau-madrasa-krasnoe-suhoe-14,на фото Madrasa
agora-yachting-cabernet-sauvignon,drop_main,agora-yachting-sauvignon,на фото Sauvignon white dry
agrolayn-heritage-dg-skin-contact-rkatsiteli-rkatsiteli-krasnoe-suhoe-12,drop_main,agrolayn-heritage-dg-skin-contact-red-saperavi-krasnoe-suhoe-13,на фото Cabernet Sauvignon/Antey/Marselan/Saperavi
agrolayn-mountain-eagle-traminer-traminer-beloe-suhoe-12,drop_main,agrolayn-mountain-eagle-semillon-semilon-beloe-suhoe-11,на фото Semillon
belmas-winery-syrah-katya-sira-krasnoe-suhoe-125,drop_main,belmas-winery-riesling-katya-risling-beloe-suhoe-12,на фото белое Katya
belmas-winery-vi-vione-beloe-suhoe-122,drop_main,belmas-winery-pn-pino-nuar-krasnoe-suhoe-135,на фото Pn
chateau-le-grand-vostock-krasnostop-rezerv-krasnoe-suhoe-145,drop_main,shato-ay-danil-grenash-krasnoe-suhoe-12,на фото Шато Ай-Даниль Гренаш
derbent-vino-endemy-saperavi-krasnoe-suhoe-13,drop_main,derbent-vino-endemy-merlo-krasnoe-suhoe-13,на фото Эндемы Мерло
derbent-vino-endemy-shardone-beloe-suhoe-13,drop_main,derbent-vino-endemy-shardone-beloe-bryut-105-125,на фото игристое (брют)
esse-demi-sec-muscat-nectar-muskat-belyy-beloe-ekstra-bryut-115,drop_main,esse-muskat-muskat-belyy-beloe-ekstra-bryut-115,на фото ESSE Brut Muscat
legato-legato-sovinon-blan-beloe-suhoe-125,drop_main,legato-legato-sovinon-blan-mtsvane-beloe-suhoe-125,на фото Sauvignon blanc Mtsvane
novyj-svet-vyderzhannoe-bryut,drop_main,novyj-svet-polusladkoe,на фото «выдержанное полусладкое»
sand-zh-oveze-rezerv,drop_main,rebo-rezerv,на фото Ребо
skalistyy-bereg-shyopot-tsvetov-risling-beloe-suhoe-109,drop_main,skalistyy-bereg-veter-v-travah-kaberne-fran-krasnoe-suhoe-13,на фото Ветер в травах
sober-bash-risling-risling-reynskiy-beloe-suhoe-11,drop_main,sober-bash-puhlyakovskiy-beloe-suhoe-12,на фото Пухляковский
vinodelnya-byurne-byurne-pino-blan-beloe-suhoe-14,drop_main,vinodelnya-byurne-vione-beloe-suhoe-135,на фото Бюрнье Вионье
aligote-avtorskoe,keep,aligote-avtorskoe,одно вино (Массандра Алиготе авторское) под двумя slug
aligote-avtorskoe-vino,keep,aligote-avtorskoe,одно вино (Массандра Алиготе авторское) под двумя slug
aligote-barrel-2024,keep,aligote-barrel-2024,"винтажи, на фото 2024"
aligote-barrel-2025,keep,aligote-barrel-2024,"винтажи, на фото 2024"
cabernet-franc-pinot-noir-2021,keep,cabernet-franc-pinot-noir-2021,"винтажи, на фото 2021"
cabernet-franc-pinot-noir-2022,keep,cabernet-franc-pinot-noir-2021,"винтажи, на фото 2021"
kuban-vino-aristov-kaberne-sovinon-roze-2020-rozovoe-suhoe-12,keep,kuban-vino-aristov-kaberne-sovinon-roze-2020-rozovoe-suhoe-12,"то же вино, на фото 2020"
kuban-vino-aristov-kaberne-sovinon-roze-rozovoe-suhoe-12,keep,kuban-vino-aristov-kaberne-sovinon-roze-2020-rozovoe-suhoe-12,"то же вино, на фото 2020"
oxana-istratova-wine-rkatsiteli-2023-oranzhevoe-suhoe-113,keep,oxana-istratova-wine-rkatsiteli-2023-oranzhevoe-suhoe-113,"винтажи, год на фото не виден"
oxana-istratova-wine-rkatsiteli-2024-oranzhevoe-suhoe-12,keep,oxana-istratova-wine-rkatsiteli-2023-oranzhevoe-suhoe-113,"винтажи, год на фото не виден"
oxana-istratova-wine-vione-2023-oranzhevoe-suhoe-119,keep,oxana-istratova-wine-vione-2023-oranzhevoe-suhoe-119,"винтажи, год на фото не виден"
oxana-istratova-wine-vione-2024-oranzhevoe-suhoe-13,keep,oxana-istratova-wine-vione-2023-oranzhevoe-suhoe-119,"винтажи, год на фото не виден"
sober-bash-hihvi-amfora-beloe-suhoe-14,keep,sober-bash-hihvi-amfora-beloe-suhoe-14,"Хихви / Хихви Амфора, по фото не различить"
sober-bash-hihvi-beloe-suhoe-15,keep,sober-bash-hihvi-amfora-beloe-suhoe-14,"Хихви / Хихви Амфора, по фото не различить"
villa-urkusta-kaberne-sovinon-klassik-krasnoe-suhoe-12,keep,villa-urkusta-kaberne-sovinon-klassik-krasnoe-suhoe-12,"одна этикетка, разная крепость"
villa-urkusta-kaberne-sovinon-klassik-krasnoe-suhoe-139,keep,villa-urkusta-kaberne-sovinon-klassik-krasnoe-suhoe-12,"одна этикетка, разная крепость"
