group,slug,winery,name
1,abrau-dyurso-brut-dor-blanc-de-blancs-shardone-beloe-bryut-12,Абрау-Дюрсо,Brut d'Or Blanc de Blancs
1,abrau-dyurso-brut-dor-blanc-de-blancs-shardone-beloe-bryut-125,Абрау-Дюрсо,Brut d'Or. Blanc de Blancs
2,abrau-dyurso-brut-dor-blanc-de-noirs-pino-nuar-beloe-bryut-115,Абрау-Дюрсо,Brut d'Or Blanc de Noirs
2,abrau-dyurso-brut-dor-blanc-de-noirs-pino-nuar-beloe-bryut-125,Абрау-Дюрсо,Brut d'Or Blanc de Noirs
3,abrau-dyurso-pino-nuar-krasnoe-suhoe-12,Абрау-Дюрсо,Пино Нуар
3,abrau-dyurso-pino-nuar-krasnoe-suhoe-125,Абрау-Дюрсо,Пино Нуар
4,abrau-dyurso-risling-beloe-suhoe-12,Абрау-Дюрсо,Рислинг
4,abrau-dyurso-risling-beloe-suhoe-13,Абрау-Дюрсо,Рислинг
5,abrau-dyurso-shardone-beloe-suhoe-12,Абрау-Дюрсо,Шардоне
5,abrau-dyurso-shardone-beloe-suhoe-13,Абрау-Дюрсо,Шардоне
6,aligote-avtorskoe,Массандра,Алиготе Авторское
6,aligote-avtorskoe-vino,Массандра,Алиготе. Авторское вино
7,aligote-barrel-2024,Коммуналка,"Алиготе Баррель, 2024"
7,aligote-barrel-2025,Коммуналка,"Алиготе Баррель, 2025"
8,alma-valley-merlo-rezerv-krasnoe-suhoe-14,Alma Valley,Мерло Резерв
8,alma-valley-merlo-rezerv-krasnoe-suhoe-15,Alma Valley,Мерло Резерв
9,alma-valley-shardone-rezerv-beloe-suhoe-135,Alma Valley,Шардоне Резерв
9,alma-valley-shardone-rezerv-beloe-suhoe-14,Alma Valley,Шардоне Резерв
10,amelia,WINEMAFIA,"Amelia, 2022"
10,amelia-2023,WINEMAFIA,"Amelia, 2023"
11,aratti-kaberne-sovinon-2020-krasnoe-suhoe,АРАТТИ,АРАТТИ Каберне Совиньон 2020 красное сухое
11,aratti-kaberne-sovinon-2021-krasnoe-suhoe,АРАТТИ,АРАТТИ Каберне Совиньон 2021 красное сухое
12,cabernet-franc-pinot-noir-2021,Vibes,Cabernet Franc-Pinot Noir 2021
12,cabernet-franc-pinot-noir-2022,Vibes,Cabernet Franc-Pinot Noir 2022
13,cantiani-riesling,Шато АЛВИСА,Cantiani Riesling
13,cantiani-riesling-1,Шато АЛВИСА,Cantiani Riesling
14,cantiani-rkatsiteli,Шато АЛВИСА,Cantiani Rkatsiteli
14,cantiani-rkatsiteli-1,Шато АЛВИСА,Cantiani Rkatsiteli
15,david,WINEMAFIA,"David, 2020"
15,david-2021,WINEMAFIA,"David, 2021"
15,david-2022,WINEMAFIA,"David, 2022"
16,derbent-vino-endemy-saperavi-krasnoe-suhoe-13,Дербент Вино,Эндемы Саперави
16,vino-suhoe-krasnoe-endemy-saperavi,Дербент Вино,Эндемы Саперави
17,derbent-vino-endemy-shardone-beloe-suhoe-13,Дербент Вино,Эндемы Шардоне
17,vino-suhoe-beloe-endemy-shardone,Дербент Вино,Эндемы Шардоне
18,esse-brut-zero-dosage-shardone-beloe-ekstra-bryut-12,ESSE,Brut Zero Dosage
18,esse-brut-zero-dosage-shardone-beloe-ekstra-bryut-135,ESSE,Brut Zero Dosage
19,esse-pino-gri-beloe-suhoe-12,ESSE,Пино Гри
19,esse-pino-gri-beloe-suhoe-135,ESSE,Пино Гри
20,esse-rose-cuvee-prestige-pino-nuar-rozovoe-bryut-115,ESSE,Rose Cuvee Prestige
20,esse-rose-cuvee-prestige-pino-nuar-rozovoe-bryut-13,ESSE,Rose Cuvee Prestige
21,fanagoriya-primum-alveus-brut-2014-shardone-igristoe-bryut-beloe-12,Фанагория,Primum Alveus Brut 2014
21,fanagoriya-primum-alveus-brut-2016-shardone-igristoe-bryut-beloe-12,Фанагория,Primum Alveus Brut 2016
21,fanagoriya-primum-alveus-brut-2017-shardone-igristoe-bryut-beloe-12,Фанагория,Primum Alveus Brut 2017
21,fanagoriya-primum-alveus-brut-2021-shardone-beloe-bryut-11-13,Фанагория,Primum Alveus. Brut 2021
22,golubitskoe-estate-kaberne-sovinon-rezerv-krasnoe-suhoe-125,Golubitskoe Estate,Каберне Совиньон Резерв
22,pomeste-golubitskoe-kaberne-sovinon-rezerv-krasnoe-suhoe-143,Golubitskoe Estate,Каберне Совиньон Резерв
23,golubitskoe-estate-shardone-rezerv-beloe-suhoe-135,Golubitskoe Estate,Шардоне Резерв
23,pomeste-golubitskoe-shardone-rezerv-beloe-suhoe-132,Golubitskoe Estate,Шардоне Резерв
24,golubitskoe-estate-tte-de-cheval-blanc-de-blancs-shardone-beloe-bryut-12,Golubitskoe Estate,Tête de Cheval Blanc de Blancs
24,pomeste-golubitskoe-tte-de-cheval-blanc-de-blancs-shardone-beloe-bryut-12,Golubitskoe Estate,Tête de Cheval Blanc de Blancs
25,kuban-vino-aristov-kaberne-sovinon-roze-2020-rozovoe-suhoe-12,Кубань-Вино,Аристов Каберне Совиньон Розе 2020
25,kuban-vino-aristov-kaberne-sovinon-roze-rozovoe-suhoe-12,Кубань-Вино,Аристов Каберне Совиньон Розе
26,kuban-vino-shato-tamane-rezerv-kaberne-limited-edishn-2015-kaberne-sovinon-krasnoe-suhoe-13,Кубань-Вино,Шато Тамань Резерв Каберне Лимитед Эдишн 2015
26,kuban-vino-shato-tamane-rezerv-kaberne-limited-edishn-2022-kaberne-sovinon-krasnoe-suhoe-14,Кубань-Вино,Шато Тамань Резерв Каберне Лимитед Эдишн 2022
27,kuban-vino-shato-tamane-rezerv-myuller-turgau-limited-edishn-2021-beloe-suhoe-12,Кубань-Вино,Шато Тамань Резерв Мюллер-Тургау Лимитед Эдишн 2021
27,kuban-vino-shato-tamane-rezerv-myuller-turgau-limited-edishn-beloe-suhoe-13,Кубань-Вино,Шато Тамань Резерв Мюллер-Тургау Лимитед Эдишн
28,kuban-vino-shato-tamane-terruar-krasnostop-saperavi-2022-krasnoe-suhoe-125,Кубань-Вино,Шато Тамань Терруар Красностоп-Саперави 2022
28,kuban-vino-shato-tamane-terruar-krasnostop-saperavi-2023-krasnoe-suhoe-125,Кубань-Вино,Шато Тамань Терруар Красностоп-Саперави 2023
29,le-k2-v-tumane-sovinon-blan-beloe-suhoe-127,Le K2,В тумане
29,le-k2-v-tumane-sovinon-blan-beloe-suhoe-13,Le K2,В Тумане
30,leto-kaberne-fran-rezerv-2020-suhoe-krasnoe,LETO,LETO Каберне Фран Резерв 2020 сухое красное
30,leto-kaberne-fran-rezerv-2021-suhoe-krasnoe,LETO,LETO Каберне Фран Резерв 2021 сухое красное
31,leto-risling-2020,LETO,LETO Рислинг 2020 сухое белое
31,leto-risling-2024,LETO,LETO Рислинг 2024 сухое белое
32,lorio-sovinon-blan-2024,ЛОРИО -  семейная винодельня Логуновых,ЛОРИО. Совиньон Блан 2024
32,lorio-sovinon-blan-2025,ЛОРИО -  семейная винодельня Логуновых,ЛОРИО. Совиньон Блан 2025
33,margarita,WINEMAFIA,"Margarita, 2023"
33,wine-1,WINEMAFIA,"Margarita, 2022"
34,naomi-2022,WINEMAFIA,"Naomi, 2022"
34,naomi-2023,WINEMAFIA,"Naomi, 2023"
35,novyj-svet-shardone-kyuve-de-prestizh,Новый Свет. Дом шампанских вин,Новый Свет. Шардоне Кюве де Престиж
35,novyj-svet-shardone-kyuve-de-prestizh-1,Новый Свет. Дом шампанских вин,Новый Свет. Шардоне Кюве Де Престиж
36,oxana-istratova-wine-rkatsiteli-2023-oranzhevoe-suhoe-113,Oxana Istratova Wine,Ркацители 2023
36,oxana-istratova-wine-rkatsiteli-2024-oranzhevoe-suhoe-12,Oxana Istratova Wine,Ркацители 2024
37,oxana-istratova-wine-vione-2023-oranzhevoe-suhoe-119,Oxana Istratova Wine,Вионье 2023
37,oxana-istratova-wine-vione-2024-oranzhevoe-suhoe-13,Oxana Istratova Wine,Вионье 2024
38,polusuhoe-rozovoe-zb-vajn-frizzante,Золотая Балка,Полусухое розовое ЗБ вайн Фриззанте
38,zolotaya-balka-zb-frizzante-semi-dry-rose-risling-rozovoe-polusuhoe-10,Золотая Балка,ZB Frizzante Semi-Dry Rose
39,shato-pino-shiraz-krasnoe-suhoe-135,Шато Пино,Шираз
39,shato-pino-shiraz-krasnoe-suhoe-14,Шато Пино,Шираз
40,sober-bash-kaberne-fran-krasnoe-suhoe-127,Собер Баш,Каберне Фран
40,sober-bash-kaberne-fran-krasnoe-suhoe-13,Собер Баш,Каберне Фран
41,sober-bash-risling-risling-reynskiy-beloe-suhoe-11,Собер Баш,Рислинг
41,sober-bash-risling-risling-reynskiy-beloe-suhoe-12,Собер Баш,Рислинг
42,tamara,WINEMAFIA,"Tamara, 2023"
42,tamara-2022,WINEMAFIA,"Tamara, 2022"
43,villa-sofiya-risling-beloe-suhoe-12,Вилла София,Рислинг
43,villa-sofiya-risling-beloe-suhoe-131,Вилла София,Рислинг
44,villa-sofiya-sovinon-blan-beloe-suhoe-123,Вилла София,Совиньон Блан
44,villa-sofiya-sovinon-blan-beloe-suhoe-14,Вилла София,Совиньон Блан
45,villa-sofiya-trio-beloe-risling-suhoe-12,Вилла София,Трио белое
45,villa-sofiya-trio-beloe-risling-suhoe-123,Вилла София,Трио белое
46,villa-urkusta-kaberne-sovinon-klassik-krasnoe-suhoe-12,Вилла Уркуста,Каберне совиньон Классик
46,villa-urkusta-kaberne-sovinon-klassik-krasnoe-suhoe-139,Вилла Уркуста,Каберне совиньон Классик
47,vinodelnya-molchanova-krasnostop-zolotovskiy-krasnoe-suhoe-13,Винодельня Молчанова,Красностоп Золотовский
47,vinodelnya-molchanova-krasnostop-zolotovskiy-krasnoe-suhoe-135,Винодельня Молчанова,Красностоп Золотовский
48,vinodelnya-myshako-marselan-krasnoe-suhoe-143,Мысхако,Марселан
48,vinodelnya-myshako-marselan-krasnoe-suhoe-144,Мысхако,Марселан
49,vinodelnya-myshako-shardone-beloe-suhoe-123,Мысхако,Шардоне
49,vinodelnya-myshako-shardone-beloe-suhoe-145,Мысхако,Шардоне
50,vinodelnya-raevskoe-renessans-shardone-beloe-suhoe-127,Раевское,Ренессанс Шардоне
50,vinodelnya-raevskoe-renessans-shardone-beloe-suhoe-128,Раевское,Ренессанс Шардоне
51,vinodelnya-vedernikov-tsimlyanskiy-chernyy-bryut-roze-rozovoe-129,Ведерниковъ,Цимлянский Черный брют розе
51,vinodelnya-vedernikov-tsimlyanskiy-chernyy-bryut-roze-rozovoe-14,Ведерниковъ,Цимлянский Черный брют розе
52,vysokij-bereg-risling-zelenaya-seriya,Кубань-Вино,Высокий берег Рислинг. Зеленая серия
52,vysokij-bereg-risling-zelenaya-seriya-1,Кубань-Вино,Высокий берег Рислинг. Зеленая серия
52,vysokij-bereg-risling-zelenaya-seriya-2,Кубань-Вино,Высокий берег Рислинг. Зеленая серия
53,zhemchuzhnaya-9-czitron-shardone,АРАТТИ,"Жемчужная 9 Цитрон, Шардоне"
53,zhemchuzhnaya-9-czitron-shardone-1,АРАТТИ,"Жемчужная 9 Цитрон, Шардоне"
54,zhemchuzhnaya-9-kaberne-sovinon-pino-nuar,АРАТТИ,"Жемчужная 9 Каберне Совиньон, Пино Нуар"
54,zhemchuzhnaya-9-kaberne-sovinon-pino-nuar-1,АРАТТИ,"Жемчужная 9 Каберне Совиньон, Пино Нуар"
55,zhemchuzhnaya-9-pino-nuar-muskat-rozovyj,АРАТТИ,"Жемчужная 9 Пино Нуар, Мускат Розовый"
55,zhemchuzhnaya-9-pino-nuar-muskat-rozovyj-1,АРАТТИ,"Жемчужная 9 Пино Нуар, Мускат розовый"
55,zhemchuzhnaya-9-pino-nuar-muskat-rozovyj-2,АРАТТИ,"Жемчужная 9 Пино нуар, Мускат Розовый"
