image_path,reason
1.73_06-09-2026_14-54-06.webp,NOT_IN_CATALOG
2.69_27-08-2026_14-29-00.webp,NOT_IN_CATALOG
41.8_22-08-2026_20-56-40.webp,NOT_IN_CATALOG
72.97_09-09-2026_19-38-57.webp,NOT_IN_CATALOG
87.6_20-08-2026_19-56-56.webp,UNREADABLE
87.81_09-09-2026_17-16-36.webp,NOT_IN_CATALOG
88.2_05-09-2026_16-29-06.webp,NOT_IN_CATALOG
90.5_02-09-2026_10-32-11.webp,NOT_IN_CATALOG
92.99_02-09-2026_04-20-19.webp,NOT_IN_CATALOG
93.95_05-09-2026_15-29-36.webp,NOT_IN_CATALOG
93.97_28-08-2026_16-02-48.webp,NOT_IN_CATALOG
94.43_05-09-2026_15-29-25.webp,NOT_IN_CATALOG
94.83_27-08-2026_14-29-28.webp,NOT_IN_CATALOG
94.8_01-09-2026_10-10-02.webp,NOT_IN_CATALOG
95.07_01-09-2026_16-15-35.webp,NOT_IN_CATALOG
95.17_29-08-2026_11-06-42.webp,NOT_IN_CATALOG
95.19_05-09-2026_15-32-06.webp,NOT_IN_CATALOG
95.24_19-08-2026_20-00-22.webp,UNREADABLE
95.29_21-08-2026_17-24-49.webp,NOT_IN_CATALOG
95.2_05-09-2026_13-54-13.webp,UNREADABLE
95.32_02-09-2026_12-09-23.webp,NOT_IN_CATALOG
95.35_05-09-2026_15-29-53.webp,NOT_IN_CATALOG
95.36_28-08-2026_17-09-04.webp,NOT_IN_CATALOG
96.05_28-08-2026_09-14-57.webp,NOT_IN_CATALOG
96.11_22-08-2026_21-29-20.webp,NOT_IN_CATALOG
96.2_28-08-2026_09-13-27.webp,NOT_IN_CATALOG
96.3_08-09-2026_10-53-14.webp,NOT_IN_CATALOG
96.3_28-08-2026_09-12-56.webp,NOT_IN_CATALOG
96.42_22-08-2026_21-29-43.webp,NOT_IN_CATALOG
96.2_28-08-2026_19-25-29.webp,NOT_IN_CATALOG
96.44_05-09-2026_15-33-59.webp,NOT_IN_CATALOG
96.53_03-09-2026_16-39-17.webp,NOT_IN_CATALOG
96.64_26-08-2026_16-52-37.webp,NOT_IN_CATALOG
96.65_02-09-2026_12-08-51.webp,NOT_IN_CATALOG
96.67_27-08-2026_17-47-05.webp,NOT_IN_CATALOG
96.7_28-08-2026_13-50-21.webp,NOT_IN_CATALOG
96.77_24-08-2026_14-10-46.webp,NOT_IN_CATALOG
96.8_25-08-2026_22-20-38.webp,NOT_IN_CATALOG
97.08_05-09-2026_15-30-50.webp,NOT_IN_CATALOG
97.23_05-09-2026_15-34-36.webp,NOT_IN_CATALOG
