query_id,image_path,true_slug
q-000001,48.98_02-09-2026_18-34-15.webp,denisov_rubin_klaret_krasnaya_strelka
q-000002,68.81_05-09-2026_15-46-31.webp,fanagoriya-velvet-season-muskat-ottonel-beloe-sladkoe-13
q-000003,70.45_04-09-2026_13-35-37.webp,fanagoriya-formula-q-kaberne-sovinon-krasnoe-suhoe-135
q-000004,82.33_27-08-2026_10-03-52.webp,skalistyj-bereg-shepot-czvetov
q-000005,84.73_07-09-2026_11-07-51.webp,zhemchuzhnaya-9-aligote-czitron
q-000006,87.09_22-08-2026_20-57-16.webp,pobeda
q-000007,87.54_03-09-2026_13-27-53.webp,relikta-relikta-sira-kaberne-fran-krasnoe-suhoe-13
q-000008,87.88_28-08-2026_16-56-20.webp,massandra-muskatel-belyy-belye-sorta-vinograda-beloe-sladkoe-16
q-000009,88.38_20-08-2026_18-32-58.webp,czitronnyj-magaracha-sovinon-blan
q-000010,89.65_19-08-2026_19-48-39.webp,rozovoe-zoloto
q-000011,91.07_20-08-2026_18-37-46.webp,aratti-kaberne-sovinon-2021-krasnoe-suhoe
q-000012,91.43_02-09-2026_12-08-50.webp,merlo-litavshhuk
q-000013,92.21_19-08-2026_18-57-31.webp,belaya-lvicza
q-000014,92.6_07-09-2026_11-04-40.webp,aratti-kaberne-sovinon-2020-krasnoe-suhoe
q-000015,92.94_21-08-2026_19-37-08.webp,denisov-winery-sovinon-blan-beloe-suhoe-115
q-000016,92.96_19-08-2026_21-07-12.webp,aratti-kaberne-sovinon-2020-krasnoe-suhoe
q-000017,93.31_05-09-2026_13-39-37.webp,golubitskoe-estate-noble-selection-red-blend-kaberne-sovinon-krasnoe-suhoe-136
q-000018,93.43_05-09-2026_13-34-45.webp,denisov_pet_nat_rubin
q-000019,93.68_19-08-2026_20-44-28.webp,zakat-denisov-vajneri
q-000020,93.84_02-09-2026_17-13-04.webp,zakat-denisov-vajneri
q-000021,94.02_24-08-2026_17-46-57.webp,rubin-golodrigi
q-000022,94.55_02-09-2026_16-53-08.webp,denisov_pazori_risling
q-000023,94.72_21-08-2026_15-41-48.webp,derbent-vino-desono-kaberne-sovinon-krasnoe-suhoe-125
q-000024,94.7_25-08-2026_15-52-07.webp,czitronnyj-magaracha-sovinon-blan
q-000025,94.94_05-09-2026_15-04-50.webp,denisov-winery-sovinon-blan-beloe-suhoe-115
q-000026,94.97_02-09-2026_19-01-48.webp,zhemchuzhnaya-9-pino-nuar-muskat-rozovyj-2
q-000027,95.03_04-09-2026_11-39-35.webp,fanagoriya-zelyonoe-vino-risling-tsitronnyy-magaracha-beloe-polusuhoe-11
q-000029,95.49_05-09-2026_15-34-51.webp,zhemchuzhnaya-9-pino-nuar-muskat-rozovyj-2
q-000030,95.63_24-08-2026_17-47-43.webp,rubin-golodrigi
q-000031,95.75_02-09-2026_14-47-49.webp,uva-vallis-risling
q-000032,95.88_02-09-2026_14-41-59.webp,fanagoriya-zelyonoe-vino-risling-tsitronnyy-magaracha-beloe-polusuhoe-11
q-000033,95.8_19-08-2026_19-33-23.webp,roze-2
q-000034,95.8_19-08-2026_20-47-59.webp,denisov-winery-sovinon-blan-beloe-suhoe-115
q-000035,96.07_28-08-2026_16-10-06.webp,golubitskoe-estate-kaberne-sovinon-krasnoe-suhoe-137
q-000036,96.08_28-08-2026_16-29-50.webp,golubitskoe-estate-merlo-krasnoe-suhoe-135
q-000037,96.13_19-08-2026_19-33-10.webp,roze-2
q-000038,96.15_22-08-2026_20-56-09.webp,roze-2
q-000039,96.29_21-08-2026_19-39-02.webp,denisov-winery-sovinon-blan-beloe-suhoe-115
q-000040,96.31_21-08-2026_17-24-55.webp,bukovinka
q-000041,96.45_02-09-2026_14-19-06.webp,abrau-dyurso-russkoe-igristoe-polusuhoe-rozovoe-pino-nuar-12
q-000042,96.45_19-08-2026_19-35-28.webp,czitronnyj-magaracha
q-000043,96.54_04-09-2026_19-30-52.webp,denisov-winery-risling-beloe-suhoe-115
q-000044,96.55_30-08-2026_19-34-31.webp,novyy-svet-dom-shampanskih-vin-novyy-svet-polusladkoe-roze-shardone-rozovoe-115
q-000045,96.58_05-09-2026_16-05-04.webp,fanagoriya-zelyonoe-vino-risling-tsitronnyy-magaracha-beloe-polusuhoe-11
q-000046,96.61_28-08-2026_09-16-27.webp,balaklava-muskat-beloe-polusladkoe
q-000047,96.62_07-09-2026_18-12-27.webp,fanagoriya-zelyonoe-vino-risling-tsitronnyy-magaracha-beloe-polusuhoe-11
q-000048,96.66_22-08-2026_20-44-40.webp,perovskih_polusuhoe_krasnoe
q-000049,96.74_28-08-2026_13-52-26.webp,usadba-mezyb-shishka-kupazh-5-kaberne-sovinon-rozovoe-suhoe-133
q-000050,96.76_07-09-2026_14-57-04.webp,pozdnij-sbor-krasnoe
q-000051,96.78_25-08-2026_18-04-42.webp,czitronnyj-magaracha
q-000052,96.79_20-08-2026_17-48-31.webp,oleg
q-000053,96.79_28-08-2026_22-05-22.webp,vinodelnya-vedernikov-vedernikov-dolina-dona-beloe-suhoe-aligote-12
q-000054,96.83_20-08-2026_17-48-13.webp,oleg
q-000055,96.96_05-09-2026_19-02-01.webp,denisov_rubin_klaret_krasnaya_strelka
q-000056,96.98_19-08-2026_19-05-06.webp,czitronnyj-magaracha
q-000057,97.02_29-08-2026_18-49-02.webp,caperavi-avtorskoe-vino
